<?xml version="1.0" encoding="UTF-8"?>
<project-private xmlns="http://www.netbeans.org/ns/project-private/1">
    <editor-bookmarks xmlns="http://www.netbeans.org/ns/editor-bookmarks/2" lastBookmarkId="0"/>
    <open-files xmlns="http://www.netbeans.org/ns/projectui-open-files/2">
        <group>
            <file>file:/C:/Users/DAO/OneDrive/Documents/NetBeansProjects/Cinema_system/src/java/dao/ScheduleMovieDAO.java</file>
            <file>file:/C:/Users/DAO/OneDrive/Documents/NetBeansProjects/Cinema_system/src/java/controller/Movie/AddMovieServlet.java</file>
            <file>file:/C:/Users/DAO/OneDrive/Documents/NetBeansProjects/Cinema_system/src/java/controller/Movie/DeleteMovieServlet.java</file>
            <file>file:/C:/Users/DAO/OneDrive/Documents/NetBeansProjects/Cinema_system/src/java/model/Movie.java</file>
            <file>file:/C:/Users/DAO/OneDrive/Documents/NetBeansProjects/Cinema_system/src/java/controller/LogInOut/LoginServlet.java</file>
            <file>file:/C:/Users/DAO/OneDrive/Documents/NetBeansProjects/Cinema_system/web/listmovie.jsp</file>
            <file>file:/C:/Users/DAO/OneDrive/Documents/NetBeansProjects/Cinema_system/src/java/dao/PhongChieuDAO.java</file>
            <file>file:/C:/Users/DAO/OneDrive/Documents/NetBeansProjects/Cinema_system/web/login.jsp</file>
            <file>file:/C:/Users/DAO/OneDrive/Documents/NetBeansProjects/Cinema_system/src/java/controller/MovieShow/DeleteMovieShowServlet.java</file>
            <file>file:/C:/Users/DAO/OneDrive/Documents/NetBeansProjects/Cinema_system/web/addroom.jsp</file>
            <file>file:/C:/Users/DAO/OneDrive/Documents/NetBeansProjects/Cinema_system/web/SelectSchedule.jsp</file>
            <file>file:/C:/Users/DAO/OneDrive/Documents/NetBeansProjects/Cinema_system/src/java/controller/Movie/ViewMovieServlet.java</file>
            <file>file:/C:/Users/DAO/OneDrive/Documents/NetBeansProjects/Cinema_system/web/admin.jsp</file>
            <file>file:/C:/Users/DAO/OneDrive/Documents/NetBeansProjects/Cinema_system/src/java/controller/Room/RoomManagementServlet.java</file>
            <file>file:/C:/Users/DAO/OneDrive/Documents/NetBeansProjects/Cinema_system/src/java/dao/MovieDAO.java</file>
            <file>file:/C:/Users/DAO/OneDrive/Documents/NetBeansProjects/Cinema_system/web/addmovie.jsp</file>
            <file>file:/C:/Users/DAO/OneDrive/Documents/NetBeansProjects/Cinema_system/src/java/controller/Movie/EditMovieServlet1.java</file>
        </group>
    </open-files>
</project-private>
